"","Month","response","se.fit"
"1","April",4.46451508636229,2.12855759983159
"2","August",5.87895960801158e+44,9.88811426923125e+52
"3","July",8.05746740637546,5.34903924287376
"4","March",18.8657554361458,68.1745687850259
"5","October",16643654433623736320,3.13149771362897e+20
"6","September",23.6868284555159,16.1094282285786
